»’∆⁄,AQI,÷ ¡øµ»º∂,PM2.5,PM10,∂˛—ıªØ¡Ú,“ª—ıªØÃº,∂˛—ıªØµ™,≥Ù—ı≈®∂»
2016/1/1,226,÷ÿ∂»Œ€»æ,176,199,33,3.4,106,12
2016/1/2,316,—œ÷ÿŒ€»æ,266,299,35,4.6,124,16
2016/1/3,297,÷ÿ∂»Œ€»æ,247,296,20,3.5,83,22
2016/1/4,53,¡º,37,23,6,0.9,33,59
2016/1/5,63,¡º,34,76,11,0.9,38,50
2016/1/6,44,”≈,25,40,10,0.9,35,54
2016/1/7,35,”≈,13,22,6,0.6,28,54
2016/1/8,54,¡º,35,55,13,0.9,43,51
2016/1/9,102,«·∂»Œ€»æ,76,102,23,1.9,74,26
2016/1/10,69,¡º,46,61,20,1.5,55,35
2016/1/11,32,”≈,11,22,6,0.6,25,59
2016/1/12,38,”≈,14,27,8,0.7,30,55
2016/1/13,62,¡º,26,48,14,1,49,47
2016/1/14,98,¡º,73,98,27,1.9,73,40
2016/1/15,132,«·∂»Œ€»æ,100,127,33,2.6,84,25
2016/1/16,162,÷–∂»Œ€»æ,123,137,44,2.5,71,15
2016/1/17,53,¡º,37,25,9,0.8,29,68
2016/1/18,45,”≈,10,45,4,0.5,18,62
2016/1/19,84,¡º,62,90,23,1.7,62,39
2016/1/20,153,÷–∂»Œ€»æ,117,141,56,3.4,78,11
2016/1/21,173,÷–∂»Œ€»æ,131,130,28,2.7,68,12
2016/1/22,33,”≈,13,33,4,0.6,16,65
2016/1/23,47,”≈,9,47,4,0.6,12,63
2016/1/24,47,”≈,13,47,6,0.6,24,60
2016/1/25,54,¡º,28,48,17,0.8,43,50
2016/1/26,56,¡º,35,62,18,0.8,37,58
2016/1/27,129,«·∂»Œ€»æ,98,112,38,2.2,79,27
2016/1/28,159,÷–∂»Œ€»æ,121,139,44,2.3,80,37
2016/1/29,84,¡º,62,80,36,1.8,55,28
2016/1/30,69,¡º,50,65,21,1.3,48,40
2016/1/31,38,”≈,18,26,10,0.6,30,66
2016/2/1,40,”≈,13,24,9,0.6,32,68
2016/2/2,62,¡º,29,40,16,0.9,49,55
2016/2/3,69,¡º,35,48,19,1.2,55,43
2016/2/4,36,”≈,13,24,8,0.5,23,71
2016/2/5,38,”≈,10,32,6,0.4,16,76
2016/2/6,45,”≈,31,45,14,0.8,36,70
2016/2/7,69,¡º,50,85,23,0.9,38,74
2016/2/8,238,÷ÿ∂»Œ€»æ,188,263,53,1,37,74
2016/2/9,60,¡º,43,53,20,1.1,41,82
2016/2/10,128,«·∂»Œ€»æ,97,115,50,2.5,65,50
2016/2/11,202,÷ÿ∂»Œ€»æ,152,168,42,3,68,26
2016/2/12,192,÷–∂»Œ€»æ,144,100,18,2.2,54,41
2016/2/13,34,”≈,9,14,5,0.3,12,68
2016/2/14,36,”≈,7,16,3,0.4,11,72
2016/2/15,46,”≈,7,46,4,0.3,14,71
2016/2/16,38,”≈,8,36,5,0.3,18,76
2016/2/17,64,¡º,46,44,16,1.1,48,73
2016/2/18,42,”≈,14,32,5,0.4,22,83
2016/2/19,40,”≈,15,33,5,0.5,26,79
2016/2/20,40,”≈,16,24,6,0.5,22,79
2016/2/21,108,«·∂»Œ€»æ,81,107,26,1.5,57,55
2016/2/22,92,¡º,68,74,16,1.1,40,80
2016/2/23,41,”≈,11,18,5,0.4,17,81
2016/2/24,49,”≈,26,49,9,0.7,35,70
2016/2/25,45,”≈,25,44,10,0.7,36,61
2016/2/26,55,¡º,36,60,14,0.8,40,69
2016/2/27,45,”≈,22,35,9,0.6,36,71
2016/2/28,48,”≈,31,48,7,0.8,33,79
2016/2/29,53,¡º,35,47,12,0.7,42,70
2016/3/1,158,÷–∂»Œ€»æ,120,136,30,1.9,85,50
2016/3/2,212,÷ÿ∂»Œ€»æ,162,190,32,2.5,110,62
2016/3/3,333,—œ÷ÿŒ€»æ,283,283,46,3.5,119,50
2016/3/4,365,—œ÷ÿŒ€»æ,315,414,47,4.3,113,22
2016/3/5,170,÷–∂»Œ€»æ,58,290,3,0.4,23,78
2016/3/6,116,«·∂»Œ€»æ,73,182,28,1.6,68,41
2016/3/7,70,¡º,34,89,10,0.9,33,84
2016/3/8,39,”≈,10,25,3,0.4,16,77
2016/3/9,37,”≈,10,26,4,0.4,16,73
2016/3/10,49,”≈,11,49,4,0.4,18,75
2016/3/11,51,¡º,24,52,8,0.6,36,76
2016/3/12,144,«·∂»Œ€»æ,110,138,40,1.8,82,44
2016/3/13,48,”≈,30,48,9,0.6,32,92
2016/3/14,103,«·∂»Œ€»æ,77,118,21,1.3,64,72
2016/3/15,190,÷–∂»Œ€»æ,143,198,47,1.6,79,56
2016/3/16,300,÷ÿ∂»Œ€»æ,250,261,38,2.2,89,120
2016/3/17,338,—œ÷ÿŒ€»æ,288,298,31,2.3,103,106
2016/3/18,227,÷ÿ∂»Œ€»æ,177,55,12,1.4,64,112
2016/3/19,88,¡º,65,113,17,1,44,76
2016/3/20,89,¡º,66,113,10,1,62,86
2016/3/21,163,÷–∂»Œ€»æ,124,179,21,1.2,80,116
2016/3/22,138,«·∂»Œ€»æ,105,207,25,1.4,75,68
2016/3/23,43,”≈,16,37,4,0.5,26,85
2016/3/24,44,”≈,13,24,3,0.4,31,87
2016/3/25,48,”≈,17,38,4,0.5,38,89
2016/3/26,45,”≈,12,29,4,0.4,27,90
2016/3/27,47,”≈,17,47,4,0.4,35,92
2016/3/28,123,«·∂»Œ€»æ,70,195,16,0.8,66,77
2016/3/29,62,¡º,19,74,5,0.4,33,96
2016/3/30,63,¡º,30,76,9,0.6,42,93
2016/3/31,199,÷–∂»Œ€»æ,149,239,33,1.4,73,118
2016/4/1,93,¡º,35,135,6,0.4,26,95
2016/4/2,43,”≈,9,28,3,0.2,16,86
2016/4/3,52,¡º,20,54,3,0.3,26,93
2016/4/4,103,«·∂»Œ€»æ,77,114,12,0.6,48,121
2016/4/5,148,«·∂»Œ€»æ,113,146,19,1,52,142
2016/4/6,192,÷–∂»Œ€»æ,144,182,30,2,71,96
2016/4/7,108,«·∂»Œ€»æ,81,112,4,1,43,90
2016/4/8,71,¡º,25,92,5,0.4,32,97
2016/4/9,148,«·∂»Œ€»æ,73,245,11,0.7,55,95
2016/4/10,121,«·∂»Œ€»æ,54,192,13,0.8,43,95
2016/4/11,77,¡º,41,103,9,0.6,42,89
2016/4/12,105,«·∂»Œ€»æ,79,104,6,0.8,58,76
2016/4/13,158,÷–∂»Œ€»æ,120,134,7,1,64,104
2016/4/14,76,¡º,32,101,4,0.3,28,108
2016/4/15,80,¡º,59,107,16,1,58,91
2016/4/17,46,”≈,16,35,2,0.3,16,91
2016/4/18,50,”≈,19,39,3,0.3,25,100
2016/4/19,98,¡º,73,104,20,1.3,65,64
2016/4/20,92,¡º,68,102,8,0.9,44,121
2016/4/21,127,«·∂»Œ€»æ,96,165,7,0.9,58,124
2016/4/22,74,¡º,33,97,2,0.3,23,108
2016/4/23,54,¡º,23,58,4,0.3,30,97
2016/4/24,113,«·∂»Œ€»æ,85,149,22,0.9,53,152
2016/4/25,119,«·∂»Œ€»æ,90,141,14,0.7,34,172
2016/4/26,95,¡º,71,124,26,1.4,44,141
2016/4/27,120,«·∂»Œ€»æ,91,134,9,1.1,62,115
2016/4/28,122,«·∂»Œ€»æ,81,100,7,1,49,184
2016/4/29,168,÷–∂»Œ€»æ,127,160,17,1.4,65,185
2016/4/30,209,÷ÿ∂»Œ€»æ,159,168,10,1.4,58,232
2016/5/1,234,÷ÿ∂»Œ€»æ,184,166,26,2.3,43,236
2016/5/2,82,¡º,50,103,2,0.5,20,138
2016/5/3,60,¡º,23,70,2,0.4,29,101
2016/5/4,68,¡º,29,59,4,0.5,49,121
2016/5/5,102,«·∂»Œ€»æ,62,153,14,0.9,43,129
2016/5/6,116,«·∂»Œ€»æ,57,182,2,0.2,13,100
2016/5/7,74,¡º,23,55,3,0.3,29,128
2016/5/8,97,¡º,60,103,15,0.7,44,156
2016/5/9,64,¡º,36,64,4,0.5,39,116
2016/5/10,100,¡º,43,76,4,0.5,36,160
2016/5/11,200,÷–∂»Œ€»æ,150,166,12,1.1,36,177
2016/5/12,62,¡º,34,45,3,0.5,28,114
2016/5/13,73,¡º,32,60,6,0.6,43,127
2016/5/14,58,¡º,41,33,3,0.5,35,84
2016/5/15,49,”≈,34,33,2,0.5,36,87
2016/5/16,75,¡º,24,59,3,0.5,43,129
2016/5/17,162,÷–∂»Œ€»æ,58,104,11,0.6,52,227
2016/5/18,134,«·∂»Œ€»æ,61,101,9,0.5,35,197
2016/5/19,184,÷–∂»Œ€»æ,86,118,15,0.8,38,249
2016/5/20,171,÷–∂»Œ€»æ,88,110,20,1.1,49,236
2016/5/21,150,«·∂»Œ€»æ,68,83,18,0.8,47,215
2016/5/22,142,«·∂»Œ€»æ,49,87,8,0.7,51,206
2016/5/23,95,¡º,61,106,14,0.9,45,153
2016/5/24,75,¡º,19,44,3,0.4,28,129
2016/5/25,66,¡º,13,31,3,0.3,25,119
2016/5/26,63,¡º,22,61,2,0.3,31,115
2016/5/27,122,«·∂»Œ€»æ,48,104,12,0.6,50,184
2016/5/28,138,«·∂»Œ€»æ,48,87,10,0.7,38,201
2016/5/29,95,¡º,33,76,5,0.5,30,153
2016/5/30,204,÷ÿ∂»Œ€»æ,82,147,16,1.1,51,283
2016/5/31,138,«·∂»Œ€»æ,45,115,11,0.8,36,201
2016/6/1,108,«·∂»Œ€»æ,37,73,6,0.7,42,168
2016/6/2,156,÷–∂»Œ€»æ,53,88,9,0.8,51,221
2016/6/3,160,÷–∂»Œ€»æ,82,125,21,1.2,61,225
2016/6/4,179,÷–∂»Œ€»æ,87,127,16,0.9,38,244
2016/6/5,161,÷–∂»Œ€»æ,71,98,14,0.9,38,226
2016/6/6,189,÷–∂»Œ€»æ,87,119,7,0.9,32,254
2016/6/7,127,«·∂»Œ€»æ,60,0,2,0.8,25,189
2016/6/8,170,÷–∂»Œ€»æ,129,129,3,1.2,36,223
2016/6/9,153,÷–∂»Œ€»æ,106,140,7,1,33,218
2016/6/10,123,«·∂»Œ€»æ,52,32,2,0.6,20,185
2016/6/11,64,¡º,12,30,2,0.4,25,116
2016/6/12,146,«·∂»Œ€»æ,71,100,7,1,33,210
2016/6/13,96,¡º,47,0,2,0.6,28,155
2016/6/14,50,”≈,35,44,2,0.6,26,95
2016/6/15,92,¡º,19,40,2,0.5,30,150
2016/6/16,90,¡º,26,59,2,0.6,47,148
2016/6/17,59,¡º,24,56,2,0.6,47,103
2016/6/18,145,«·∂»Œ€»æ,42,72,4,0.7,44,209
2016/6/19,149,«·∂»Œ€»æ,65,98,5,0.8,39,213
2016/6/20,166,÷–∂»Œ€»æ,85,101,5,1,28,231
2016/6/21,175,÷–∂»Œ€»æ,85,89,2,0.9,30,240
2016/6/22,150,«·∂»Œ€»æ,56,85,2,0.7,32,214
2016/6/23,117,«·∂»Œ€»æ,76,102,6,1.1,38,178
2016/6/24,70,¡º,13,30,2,0.6,30,123
2016/6/25,59,¡º,18,38,2,0.4,32,110
2016/6/26,140,«·∂»Œ€»æ,41,77,5,0.5,42,203
2016/6/27,98,¡º,60,88,7,0.7,39,157
2016/6/28,98,¡º,73,0,2,0.7,32,118
2016/6/29,145,«·∂»Œ€»æ,111,0,2,0.9,33,166
2016/6/30,130,«·∂»Œ€»æ,60,57,2,0.7,33,192
2016/7/1,82,¡º,14,32,2,0.4,25,138
2016/7/2,119,«·∂»Œ€»æ,47,71,3,0.7,38,180
2016/7/3,137,«·∂»Œ€»æ,83,108,8,1,43,200
2016/7/4,173,÷–∂»Œ€»æ,131,110,5,1.2,32,216
2016/7/5,161,÷–∂»Œ€»æ,96,104,5,1,30,226
2016/7/6,155,÷–∂»Œ€»æ,74,106,5,0.9,35,220
2016/7/7,177,÷–∂»Œ€»æ,110,125,8,1.2,33,242
2016/7/8,146,«·∂»Œ€»æ,91,104,5,1.2,34,210
2016/7/9,143,«·∂»Œ€»æ,83,93,4,0.8,32,207
2016/7/10,137,«·∂»Œ€»æ,91,86,4,0.8,28,200
2016/7/11,129,«·∂»Œ€»æ,86,98,7,0.7,29,191
2016/7/12,52,¡º,29,54,4,0.6,29,94
2016/7/13,112,«·∂»Œ€»æ,20,43,3,0.5,32,173
2016/7/14,80,¡º,35,0,4,0.8,42,135
2016/7/15,52,¡º,36,40,2,0.7,30,77
2016/7/16,54,¡º,38,53,3,0.8,40,82
2016/7/17,154,÷–∂»Œ€»æ,79,97,3,1.1,42,219
2016/7/18,139,«·∂»Œ€»æ,106,130,4,1.3,52,137
2016/7/19,133,«·∂»Œ€»æ,101,0,2,1.3,44,53
2016/7/20,48,”≈,33,7,2,0.7,18,57
2016/7/21,40,”≈,28,39,2,0.8,27,53
2016/7/22,100,¡º,75,81,2,1.1,32,154
2016/7/23,158,÷–∂»Œ€»æ,120,174,2,1.2,34,180
2016/7/24,131,«·∂»Œ€»æ,73,118,3,0.9,34,194
2016/7/25,57,¡º,40,38,3,0.8,29,108
2016/7/26,93,¡º,21,48,3,0.6,24,151
2016/7/27,168,÷–∂»Œ€»æ,47,0,2,0.7,35,233
2016/7/28,128,«·∂»Œ€»æ,50,81,2,0.7,31,190
2016/7/29,158,÷–∂»Œ€»æ,120,139,2,1.3,30,217
2016/7/30,170,÷–∂»Œ€»æ,129,48,2,1.6,32,87
2016/7/31,77,¡º,56,82,2,1,32,102
2016/8/1,109,«·∂»Œ€»æ,71,100,3,1.3,30,169
2016/8/2,96,¡º,49,58,2,1,31,155
2016/8/3,153,÷–∂»Œ€»æ,59,80,3,1,35,218
2016/8/4,155,÷–∂»Œ€»æ,101,114,2,1.4,33,220
2016/8/5,103,«·∂»Œ€»æ,66,88,3,0.8,29,163
2016/8/6,129,«·∂»Œ€»æ,98,96,2,1,32,162
2016/8/7,69,¡º,20,34,2,0.6,19,122
2016/8/8,95,¡º,32,48,3,0.8,26,154
2016/8/9,135,«·∂»Œ€»æ,46,70,6,1.2,37,198
2016/8/10,112,«·∂»Œ€»æ,84,97,3,0.9,27,158
2016/8/11,114,«·∂»Œ€»æ,86,100,3,0.9,29,156
2016/8/12,79,¡º,58,73,4,0.9,38,72
2016/8/13,50,”≈,22,35,3,0.7,40,45
2016/8/14,104,«·∂»Œ€»æ,22,48,3,0.6,38,164
2016/8/15,45,”≈,20,42,2,0.6,29,89
2016/8/16,96,¡º,24,41,2,0.6,32,155
2016/8/17,87,¡º,64,0,3,1,58,47
2016/8/18,99,¡º,74,0,2,1.6,42,43
2016/8/19,67,¡º,19,42,2,0.9,25,120
2016/8/20,134,«·∂»Œ€»æ,54,70,2,1,38,197
2016/8/21,179,÷–∂»Œ€»æ,54,74,3,1,40,244
2016/8/22,103,«·∂»Œ€»æ,50,66,4,0.9,32,163
2016/8/23,95,¡º,71,91,6,0.9,42,135
2016/8/24,109,«·∂»Œ€»æ,82,110,3,1.1,48,133
2016/8/25,34,”≈,17,23,2,0.4,24,67
2016/8/26,45,”≈,11,29,2,0.4,33,90
2016/8/27,48,”≈,15,39,3,0.4,38,81
2016/8/28,46,”≈,12,32,2,0.3,34,92
2016/8/29,66,¡º,19,47,3,0.5,45,119
2016/8/30,109,«·∂»Œ€»æ,30,65,3,0.6,48,169
2016/8/31,50,”≈,16,37,3,0.5,40,88
2016/9/1,39,”≈,8,31,3,0.3,31,72
2016/9/2,39,”≈,12,34,2,0.4,31,56
2016/9/3,86,¡º,21,45,2,0.5,35,143
2016/9/4,106,«·∂»Œ€»æ,79,0,5,1,44,166
2016/9/5,54,¡º,28,58,2,0.5,33,94
2016/9/6,0,Œﬁ,0,0,0,0,0,0
2016/9/7,87,¡º,40,65,5,0.7,41,144
2016/9/8,55,¡º,23,46,2,0.6,44,105
2016/9/9,53,¡º,18,39,3,0.5,42,68
2016/9/10,54,¡º,17,44,3,0.5,43,92
2016/9/11,65,¡º,32,48,2,0.8,29,117
2016/9/12,72,¡º,34,51,2,0.8,38,126
2016/9/13,118,«·∂»Œ€»æ,89,98,3,1.1,53,137
2016/9/14,130,«·∂»Œ€»æ,99,102,4,1.1,50,174
2016/9/15,111,«·∂»Œ€»æ,79,100,4,0.9,42,172
2016/9/16,172,÷–∂»Œ€»æ,130,125,4,1.1,39,187
2016/9/17,57,¡º,40,0,2,0.8,37,49
2016/9/18,42,”≈,23,22,2,0.6,33,18
2016/9/19,44,”≈,12,29,2,0.4,35,74
2016/9/20,59,¡º,21,44,3,0.5,47,95
2016/9/21,97,¡º,68,117,5,1,77,44
2016/9/22,137,«·∂»Œ€»æ,104,129,7,1.1,59,113
2016/9/23,168,÷–∂»Œ€»æ,127,172,3,1.2,49,182
2016/9/24,156,÷–∂»Œ€»æ,119,203,4,1.1,54,174
2016/9/25,211,÷ÿ∂»Œ€»æ,161,193,4,1.5,49,96
2016/9/26,80,¡º,59,109,2,1.2,46,61
2016/9/27,33,”≈,23,29,2,0.6,24,59
2016/9/28,50,”≈,16,38,3,0.4,40,58
2016/9/29,75,¡º,53,90,5,0.7,60,95
2016/9/30,135,«·∂»Œ€»æ,103,138,7,0.9,76,145
2016/10/1,220,÷ÿ∂»Œ€»æ,170,202,11,1.3,86,118
2016/10/2,233,÷ÿ∂»Œ€»æ,183,201,6,1.4,72,132
2016/10/3,159,÷–∂»Œ€»æ,121,140,3,1.1,58,132
2016/10/4,47,”≈,31,44,3,1.1,37,34
2016/10/5,83,¡º,61,91,2,1.2,42,57
2016/10/6,95,¡º,71,0,4,1.6,48,11
2016/10/7,55,¡º,39,17,2,1.6,43,15
2016/10/8,33,”≈,13,29,2,0.5,26,60
2016/10/9,67,¡º,33,64,4,0.7,53,33
2016/10/10,122,«·∂»Œ€»æ,92,127,10,1.2,79,31
2016/10/11,149,«·∂»Œ€»æ,114,130,8,1.4,65,62
2016/10/12,107,«·∂»Œ€»æ,80,102,6,1.2,64,51
2016/10/13,206,÷ÿ∂»Œ€»æ,156,189,5,1.6,75,78
2016/10/14,292,÷ÿ∂»Œ€»æ,242,258,6,2,93,73
2016/10/15,236,÷ÿ∂»Œ€»æ,186,226,4,1.9,88,4
2016/10/16,153,÷–∂»Œ€»æ,117,137,3,1,58,55
2016/10/17,85,¡º,63,101,2,0.9,53,61
2016/10/18,160,÷–∂»Œ€»æ,122,158,6,1.8,72,10
2016/10/19,278,÷ÿ∂»Œ€»æ,228,228,5,2.3,83,38
2016/10/20,115,«·∂»Œ€»æ,87,0,6,1.4,54,27
2016/10/21,60,¡º,43,0,2,0.8,39,33
2016/10/22,38,”≈,15,25,2,0.6,30,36
2016/10/23,55,¡º,28,52,4,0.6,44,38
2016/10/24,87,¡º,64,113,3,1.2,58,4
2016/10/25,133,«·∂»Œ€»æ,101,135,3,1.5,74,8
2016/10/26,69,¡º,42,88,4,0.8,50,46
2016/10/27,63,¡º,30,66,5,1,50,11
2016/10/28,38,”≈,11,29,2,0.4,30,58
2016/10/29,59,¡º,26,62,4,0.6,47,42
2016/10/30,66,¡º,44,81,5,0.8,42,54
2016/10/31,29,”≈,9,25,4,0.3,19,57
2016/11/1,69,¡º,45,74,9,0.7,55,37
2016/11/2,140,«·∂»Œ€»æ,107,149,10,1.5,82,23
2016/11/3,243,÷ÿ∂»Œ€»æ,193,241,9,2.6,104,11
2016/11/4,292,÷ÿ∂»Œ€»æ,242,271,6,3.4,119,12
2016/11/5,230,÷ÿ∂»Œ€»æ,180,203,5,3.1,95,36
2016/11/6,95,¡º,71,97,10,1.2,56,40
2016/11/7,53,¡º,37,43,3,0.8,39,50
2016/11/8,67,¡º,39,71,7,0.8,53,36
2016/11/9,208,÷ÿ∂»Œ€»æ,158,194,14,2.5,86,5
2016/11/10,199,÷–∂»Œ€»æ,149,178,8,1.8,70,15
2016/11/11,110,«·∂»Œ€»æ,83,124,7,1.7,65,16
2016/11/12,100,¡º,75,124,10,1.5,66,28
2016/11/13,132,«·∂»Œ€»æ,100,165,11,2.3,72,4
2016/11/14,62,¡º,39,73,4,0.9,35,61
2016/11/15,79,¡º,45,84,13,1.5,63,23
2016/11/16,132,«·∂»Œ€»æ,100,147,16,2.2,80,21
2016/11/17,149,«·∂»Œ€»æ,114,165,22,2.5,70,6
2016/11/18,242,÷ÿ∂»Œ€»æ,192,280,19,3.7,87,3
2016/11/19,165,÷–∂»Œ€»æ,125,133,9,1.8,65,49
2016/11/20,70,¡º,51,0,4,1.1,41,25
2016/11/21,30,”≈,10,21,3,0.4,15,60
2016/11/22,28,”≈,8,21,4,0.4,21,55
2016/11/23,44,”≈,19,33,8,0.6,35,43
2016/11/24,102,«·∂»Œ€»æ,76,107,18,1.5,70,25
2016/11/25,214,÷ÿ∂»Œ€»æ,164,205,24,2.6,97,8
2016/11/26,315,—œ÷ÿŒ€»æ,265,361,22,3.5,117,13
2016/11/27,68,¡º,49,80,7,0.9,45,58
2016/11/28,97,¡º,63,101,18,1.7,77,16
2016/11/29,129,«·∂»Œ€»æ,98,146,26,2.6,81,4
2016/11/30,117,«·∂»Œ€»æ,88,128,15,2.1,67,53
2016/12/1,60,¡º,33,56,9,0.8,48,57
2016/12/2,129,«·∂»Œ€»æ,98,131,19,2.1,85,17
2016/12/3,259,÷ÿ∂»Œ€»æ,209,272,24,3.4,113,10
2016/12/4,302,—œ÷ÿŒ€»æ,252,284,18,3.6,104,17
2016/12/5,60,¡º,43,50,8,1,43,61
2016/12/6,112,«·∂»Œ€»æ,84,128,21,2.3,92,11
2016/12/7,170,÷–∂»Œ€»æ,129,169,23,2.7,100,15
2016/12/8,114,«·∂»Œ€»æ,86,119,11,1.7,53,66
2016/12/9,54,¡º,25,45,9,0.8,43,48
2016/12/10,80,¡º,49,74,14,1.4,64,24
2016/12/11,219,÷ÿ∂»Œ€»æ,169,204,35,3.5,101,8
2016/12/12,271,÷ÿ∂»Œ€»æ,221,240,39,3,103,15
2016/12/13,68,¡º,49,32,9,1.2,50,43
2016/12/14,58,¡º,28,51,11,0.8,46,43
2016/12/15,54,¡º,27,53,10,0.9,43,59
2016/12/16,149,«·∂»Œ€»æ,114,149,22,2.2,92,14
2016/12/17,246,÷ÿ∂»Œ€»æ,196,224,32,3.3,104,11
2016/12/18,271,÷ÿ∂»Œ€»æ,221,239,25,3.5,102,14
2016/12/19,273,÷ÿ∂»Œ€»æ,223,253,22,4.1,111,14
2016/12/20,418,—œ÷ÿŒ€»æ,376,415,8,8,135,6
2016/12/21,431,—œ÷ÿŒ€»æ,396,415,12,8,155,9
2016/12/22,79,¡º,58,57,6,1.3,35,59
2016/12/23,62,¡º,34,65,9,0.8,49,39
2016/12/24,160,÷–∂»Œ€»æ,122,152,26,2.7,90,10
2016/12/25,195,÷–∂»Œ€»æ,146,168,30,2.8,96,5
2016/12/26,59,¡º,41,45,15,0.9,47,50
2016/12/27,59,¡º,42,63,9,0.9,45,51
2016/12/28,87,¡º,64,64,10,1.1,42,45
2016/12/29,88,¡º,65,94,12,1.1,53,31
2016/12/30,262,÷ÿ∂»Œ€»æ,212,255,19,3.3,100,8
2016/12/31,351,—œ÷ÿŒ€»æ,301,356,21,4.6,129,8
2017/1/1,470,—œ÷ÿŒ€»æ,454,512,8,6.8,141,6
2017/1/2,248,÷ÿ∂»Œ€»æ,198,190,13,3.8,102,38
2017/1/3,348,—œ÷ÿŒ€»æ,311,339,17,6,153,17
2017/1/4,389,—œ÷ÿŒ€»æ,364,389,19,7.5,153,13
2017/1/5,270,÷ÿ∂»Œ€»æ,223,222,16,5.3,115,11
2017/1/6,248,÷ÿ∂»Œ€»æ,199,183,23,4.3,110,14
2017/1/7,220,÷ÿ∂»Œ€»æ,167,128,18,3.3,83,11
2017/1/8,50,”≈,34,20,10,1,34,54
2017/1/9,50,”≈,36,43,7,0.8,40,47
2017/1/10,42,”≈,25,39,8,0.7,36,61
2017/1/11,95,¡º,58,79,19,1.7,75,19
2017/1/12,63,¡º,41,59,12,1,50,46
2017/1/13,34,”≈,8,21,6,0.4,23,69
2017/1/14,56,¡º,20,39,11,0.9,45,52
2017/1/15,71,¡º,53,70,11,1,50,31
2017/1/16,121,«·∂»Œ€»æ,96,108,19,1.8,68,8
2017/1/17,180,÷–∂»Œ€»æ,137,142,21,2.2,75,21
2017/1/18,62,¡º,38,51,11,0.9,52,39
2017/1/19,70,¡º,45,86,14,1.2,37,63
2017/1/20,43,”≈,25,37,9,0.8,36,57
2017/1/21,49,”≈,24,46,9,0.8,29,72
2017/1/22,52,¡º,26,36,12,0.9,42,49
2017/1/23,58,¡º,36,46,14,1,50,44
2017/1/24,114,«·∂»Œ€»æ,90,101,29,2.1,77,29
2017/1/25,224,÷ÿ∂»Œ€»æ,178,177,39,3.3,95,30
2017/1/26,209,÷ÿ∂»Œ€»æ,155,164,26,2.7,62,70
2017/1/27,87,¡º,78,111,24,0.8,31,77
2017/1/28,398,—œ÷ÿŒ€»æ,345,426,84,2.7,71,26
2017/1/29,56,¡º,30,65,8,0.7,15,68
2017/1/30,40,”≈,29,35,11,0.6,22,72
2017/1/31,104,«·∂»Œ€»æ,77,84,27,1.3,43,57
2017/2/1,51,¡º,38,57,16,0.6,29,62
2017/2/2,103,«·∂»Œ€»æ,83,98,30,1.6,63,50
2017/2/3,210,÷ÿ∂»Œ€»æ,166,179,45,2.7,87,49
2017/2/4,305,—œ÷ÿŒ€»æ,245,240,48,3.4,94,52
2017/2/5,43,”≈,12,14,7,0.5,25,86
2017/2/6,36,”≈,15,26,8,0.5,31,68
2017/2/7,103,«·∂»Œ€»æ,80,93,21,1.6,62,40
2017/2/8,49,”≈,30,44,7,0.8,25,76
2017/2/9,38,”≈,7,20,3,0.3,12,76
2017/2/10,42,”≈,7,23,3,0.4,17,85
2017/2/11,65,¡º,53,80,21,1,49,77
2017/2/12,137,«·∂»Œ€»æ,107,139,42,2.4,81,43
2017/2/13,108,«·∂»Œ€»æ,85,107,25,2.1,70,70
2017/2/14,230,÷ÿ∂»Œ€»æ,185,188,32,2.9,101,20
2017/2/15,281,÷ÿ∂»Œ€»æ,243,220,38,3.2,112,49
2017/2/16,135,«·∂»Œ€»æ,100,95,18,1.4,53,66
2017/2/17,41,”≈,24,41,8,0.6,32,80
2017/2/18,113,«·∂»Œ€»æ,88,124,27,1.7,77,52
2017/2/19,128,«·∂»Œ€»æ,94,139,23,1.5,59,83
2017/2/20,36,”≈,13,34,5,0.5,27,72
2017/2/21,82,¡º,62,74,15,1.3,59,31
2017/2/22,103,«·∂»Œ€»æ,76,64,7,1.1,40,68
2017/2/23,41,”≈,19,30,7,0.6,36,78
2017/2/24,57,¡º,25,37,9,0.8,47,76
2017/2/25,43,”≈,11,22,6,0.5,32,86
2017/2/26,66,¡º,29,47,10,0.8,54,72
2017/2/27,97,¡º,67,96,17,1.5,80,54
2017/2/28,43,”≈,14,28,6,0.6,34,87
2017/3/1,47,”≈,8,37,3,0.4,13,94
2017/3/2,67,¡º,40,80,13,0.9,54,70
2017/3/3,111,«·∂»Œ€»æ,82,138,23,1.5,68,60
2017/3/4,113,«·∂»Œ€»æ,87,108,26,1.7,74,82
2017/3/5,42,”≈,12,30,4,0.4,19,84
2017/3/6,45,”≈,17,43,6,0.7,34,81
2017/3/7,40,”≈,7,23,3,0.4,15,80
2017/3/8,45,”≈,10,30,3,0.5,24,90
2017/3/9,46,”≈,13,35,4,0.5,39,83
2017/3/10,77,¡º,34,65,12,0.9,64,88
2017/3/11,65,¡º,44,80,15,0.9,48,89
2017/3/12,44,”≈,7,27,3,0.3,13,88
2017/3/13,43,”≈,11,28,5,0.5,32,87
2017/3/14,51,¡º,21,52,8,0.6,43,85
2017/3/15,86,¡º,65,96,22,1.2,69,77
2017/3/16,148,«·∂»Œ€»æ,115,156,25,1.4,88,83
2017/3/17,160,÷–∂»Œ€»æ,125,162,19,1.1,71,81
2017/3/18,190,÷–∂»Œ€»æ,146,162,16,1.2,68,139
2017/3/19,273,÷ÿ∂»Œ€»æ,222,217,33,2.1,81,150
2017/3/20,182,÷–∂»Œ€»æ,137,126,19,1.4,75,60
2017/3/21,113,«·∂»Œ€»æ,87,123,7,0.8,48,98
2017/3/22,175,÷–∂»Œ€»æ,140,178,19,1.3,81,74
2017/3/23,160,÷–∂»Œ€»æ,121,90,6,1.7,60,52
2017/3/24,80,¡º,60,31,2,1,49,50
2017/3/25,48,”≈,34,28,3,0.8,36,82
2017/3/26,44,”≈,12,27,3,0.4,23,89
2017/3/27,43,”≈,17,34,3,0.4,37,87
2017/3/28,80,¡º,60,93,9,0.7,54,100
2017/3/29,148,«·∂»Œ€»æ,118,141,11,0.9,65,111
2017/3/30,114,«·∂»Œ€»æ,86,129,16,1.2,57,85
2017/3/31,47,”≈,20,42,4,0.5,34,86
2017/4/1,67,¡º,31,78,7,0.6,52,88
2017/4/2,91,¡º,68,112,14,1.1,72,97
2017/4/3,165,÷–∂»Œ€»æ,125,170,21,1.3,78,159
2017/4/4,174,÷–∂»Œ€»æ,130,147,20,1.2,62,90
2017/4/5,81,¡º,61,57,5,0.6,30,129
2017/4/6,125,«·∂»Œ€»æ,98,106,6,0.9,47,123
2017/4/7,100,¡º,76,120,8,0.8,48,76
2017/4/8,86,¡º,76,136,7,0.9,60,64
2017/4/9,87,¡º,64,100,7,1,46,98
2017/4/10,90,¡º,66,119,9,0.8,59,72
2017/4/11,58,¡º,26,66,3,0.4,35,90
2017/4/12,70,¡º,30,94,5,0.6,53,97
2017/4/13,91,¡º,54,135,14,1.1,66,77
2017/4/14,93,¡º,60,136,6,0.9,67,99
2017/4/15,70,¡º,36,86,5,0.5,52,119
2017/4/16,124,«·∂»Œ€»æ,97,176,17,1,72,110
2017/4/17,168,÷–∂»Œ€»æ,123,210,8,1,56,97
2017/4/18,65,¡º,24,80,2,0.3,23,94
2017/4/19,87,¡º,45,122,7,0.9,71,35
2017/4/20,71,¡º,36,88,3,0.7,44,90
2017/4/21,54,¡º,19,58,2,0.3,23,104
2017/4/22,87,¡º,44,122,8,0.5,44,122
2017/4/23,62,¡º,24,72,4,0.4,24,115
2017/4/24,66,¡º,31,79,5,0.5,31,111
2017/4/25,38,”≈,13,39,3,0.3,26,77
2017/4/26,51,¡º,14,38,3,0.4,30,102
2017/4/27,54,¡º,15,49,2,0.4,36,105
2017/4/28,62,¡º,23,64,3,0.4,40,115
2017/4/29,76,¡º,40,103,3,0.5,43,127
2017/4/30,105,«·∂»Œ€»æ,48,158,5,0.5,44,141
2017/5/1,81,¡º,39,111,8,0.7,46,123
2017/5/2,132,«·∂»Œ€»æ,64,132,10,1,54,196
2017/5/3,93,¡º,69,107,9,0.9,47,118
2017/5/4,500,—œ÷ÿŒ€»æ,125,356,2,0.3,23,96
2017/5/5,342,—œ÷ÿŒ€»æ,181,406,4,0.4,24,88
2017/5/6,71,¡º,34,94,3,0.4,38,113
2017/5/7,85,¡º,28,75,5,0.4,41,142
2017/5/8,101,«·∂»Œ€»æ,56,113,8,0.6,55,162
2017/5/9,100,¡º,43,93,7,0.5,26,160
2017/5/10,81,¡º,39,69,4,0.5,32,138
2017/5/11,91,¡º,31,134,3,0.4,33,96
2017/5/12,111,«·∂»Œ€»æ,45,170,5,0.5,26,144
2017/5/13,61,¡º,19,67,2,0.3,18,91
2017/5/14,70,¡º,12,35,2,0.3,16,124
2017/5/15,81,¡º,23,62,7,0.6,26,138
2017/5/16,124,«·∂»Œ€»æ,43,90,10,0.6,30,187
2017/5/17,185,÷–∂»Œ€»æ,62,133,10,0.7,39,250
2017/5/18,201,÷ÿ∂»Œ€»æ,86,152,11,0.9,52,275
2017/5/19,187,÷–∂»Œ€»æ,85,150,11,0.8,44,252
2017/5/20,171,÷–∂»Œ€»æ,57,122,8,0.8,40,236
2017/5/21,116,«·∂»Œ€»æ,57,94,12,1,27,178
2017/5/22,53,¡º,37,46,7,1.1,37,54
2017/5/23,71,¡º,18,32,2,0.5,34,126
2017/5/24,84,¡º,17,54,3,0.4,45,141
2017/5/25,104,«·∂»Œ€»æ,22,83,5,0.6,39,165
2017/5/26,154,÷–∂»Œ€»æ,45,97,9,0.6,51,219
2017/5/27,196,÷–∂»Œ€»æ,69,117,21,1.4,47,261
2017/5/28,194,÷–∂»Œ€»æ,87,135,17,1.5,36,259
2017/5/29,69,¡º,28,88,8,0.7,27,101
2017/5/30,101,«·∂»Œ€»æ,42,70,2,0.7,39,162
2017/5/31,140,«·∂»Œ€»æ,65,104,4,0.8,45,205
2017/6/1,123,«·∂»Œ€»æ,23,57,4,0.6,30,186
2017/6/2,57,¡º,23,65,12,1,40,74
2017/6/3,83,¡º,29,56,5,0.7,38,140
2017/6/4,141,«·∂»Œ€»æ,48,93,11,0.7,51,206
2017/6/5,149,«·∂»Œ€»æ,65,115,17,1,61,214
2017/6/6,51,¡º,37,32,2,0.6,25,96
2017/6/7,91,¡º,47,50,4,0.7,32,150
2017/6/8,70,¡º,25,54,2,0.6,55,124
2017/6/9,148,«·∂»Œ€»æ,29,90,5,0.7,51,213
2017/6/10,82,¡º,21,69,11,0.8,34,139
2017/6/11,124,«·∂»Œ€»æ,33,85,7,0.7,49,187
2017/6/12,88,¡º,34,78,17,1.2,45,146
2017/6/13,93,¡º,40,62,5,0.9,44,152
2017/6/14,123,«·∂»Œ€»æ,37,60,3,0.8,48,186
2017/6/15,155,÷–∂»Œ€»æ,38,95,4,0.7,54,220
2017/6/16,158,÷–∂»Œ€»æ,59,131,7,0.7,41,223
2017/6/17,200,÷–∂»Œ€»æ,82,159,12,0.9,37,267
2017/6/18,197,÷–∂»Œ€»æ,70,124,11,0.9,31,262
2017/6/19,154,÷–∂»Œ€»æ,37,70,3,0.6,27,219
2017/6/20,156,÷–∂»Œ€»æ,32,64,3,0.7,26,221
2017/6/21,161,÷–∂»Œ€»æ,48,79,8,0.9,28,226
2017/6/22,50,”≈,33,29,2,0.8,25,101
2017/6/23,51,¡º,19,12,2,0.7,20,102
2017/6/24,65,¡º,21,26,2,0.6,23,119
2017/6/25,108,«·∂»Œ€»æ,26,43,2,0.5,33,169
2017/6/26,134,«·∂»Œ€»æ,24,44,2,0.5,39,198
2017/6/27,200,÷–∂»Œ€»æ,70,96,7,0.9,40,270
2017/6/28,189,÷–∂»Œ€»æ,98,125,8,1.3,43,254
2017/6/29,139,«·∂»Œ€»æ,52,77,3,0.9,34,203
2017/6/30,200,÷–∂»Œ€»æ,72,113,3,0.9,39,267
2017/7/1,198,÷–∂»Œ€»æ,89,132,5,1,42,263
2017/7/2,189,÷–∂»Œ€»æ,88,108,7,1.1,33,254
2017/7/3,122,«·∂»Œ€»æ,61,72,3,0.9,30,185
2017/7/4,96,¡º,48,51,3,0.9,39,156
2017/7/5,134,«·∂»Œ€»æ,82,80,3,1.1,38,198
2017/7/6,96,¡º,70,79,4,1.5,32,93
2017/7/7,113,«·∂»Œ€»æ,32,38,3,0.8,20,175
2017/7/8,161,÷–∂»Œ€»æ,41,61,2,0.7,31,226
2017/7/9,169,÷–∂»Œ€»æ,73,94,3,1.1,29,234
2017/7/10,136,«·∂»Œ€»æ,25,55,2,0.6,34,200
2017/7/11,208,÷ÿ∂»Œ€»æ,48,94,4,0.9,44,311
2017/7/12,191,÷–∂»Œ€»æ,74,132,4,1,41,256
2017/7/13,131,«·∂»Œ€»æ,63,90,3,0.8,25,195
2017/7/14,127,«·∂»Œ€»æ,34,63,3,0.7,34,190
2017/7/15,97,¡º,40,45,3,1,27,157
2017/7/16,175,÷–∂»Œ€»æ,67,83,3,1.2,34,240
2017/7/17,120,«·∂»Œ€»æ,54,68,3,1.1,28,182
2017/7/18,88,¡º,60,61,3,0.9,27,146
2017/7/19,110,«·∂»Œ€»æ,75,74,3,0.8,25,171
2017/7/20,127,«·∂»Œ€»æ,99,105,3,0.8,31,174
2017/7/21,53,¡º,22,23,2,0.7,27,104
2017/7/22,38,”≈,23,34,2,0.7,31,77
2017/7/23,60,¡º,44,59,2,0.8,39,106
2017/7/24,57,¡º,40,54,2,0.8,41,43
2017/7/25,80,¡º,32,52,4,0.9,34,137
2017/7/26,43,”≈,22,34,3,0.7,32,86
2017/7/27,64,¡º,40,66,3,1,48,117
2017/7/28,70,¡º,28,56,3,0.8,44,125
2017/7/29,91,¡º,31,58,2,0.7,38,150
2017/7/30,129,«·∂»Œ€»æ,38,66,3,0.7,35,192
2017/7/31,200,÷–∂»Œ€»æ,80,101,3,1,36,265
2017/8/1,90,¡º,66,72,2,1,30,144
2017/8/2,51,¡º,34,42,4,1.1,25,90
2017/8/3,90,¡º,23,57,3,0.7,21,149
2017/8/4,112,«·∂»Œ€»æ,21,43,3,0.6,38,174
2017/8/5,136,«·∂»Œ€»æ,27,57,3,0.7,34,200
2017/8/6,78,¡º,17,34,2,0.5,31,134
2017/8/7,88,¡º,11,35,3,0.5,31,146
2017/8/8,162,÷–∂»Œ€»æ,29,69,3,0.7,39,227
2017/8/9,101,«·∂»Œ€»æ,24,34,2,0.6,27,162
2017/8/10,125,«·∂»Œ€»æ,65,83,3,0.8,33,188
2017/8/11,119,«·∂»Œ€»æ,88,95,3,1.2,38,139
2017/8/12,46,”≈,31,35,3,0.8,38,79
2017/8/13,57,¡º,40,47,2,0.9,37,99
2017/8/14,93,¡º,28,39,2,0.8,27,152
2017/8/15,106,«·∂»Œ€»æ,55,75,2,1,32,167
2017/8/16,85,¡º,56,67,3,0.9,37,142
2017/8/17,92,¡º,23,35,2,0.7,28,151
2017/8/18,72,¡º,53,68,3,1.2,55,123
2017/8/19,70,¡º,42,43,2,1,33,124
2017/8/20,99,¡º,60,69,3,1.2,38,159
2017/8/21,133,«·∂»Œ€»æ,72,94,2,1.1,39,197
2017/8/22,98,¡º,72,81,3,1,35,97
2017/8/23,57,¡º,20,32,2,0.7,28,109
2017/8/24,47,”≈,13,37,3,0.6,38,82
2017/8/25,47,”≈,10,38,3,0.5,39,80
2017/8/26,60,¡º,15,56,3,0.6,49,52
2017/8/27,38,”≈,17,26,3,0.6,28,76
2017/8/28,34,”≈,19,23,3,0.6,28,68
2017/8/29,49,”≈,17,50,3,0.5,37,87
2017/8/30,91,¡º,52,87,4,0.9,44,150
2017/8/31,107,«·∂»Œ€»æ,83,99,2,0.9,35,120
2017/9/1,182,÷–∂»Œ€»æ,139,145,3,1.5,41,143
2017/9/2,138,«·∂»Œ€»æ,103,105,3,1.2,34,139
2017/9/3,100,¡º,58,81,4,0.9,32,160
2017/9/4,116,«·∂»Œ€»æ,88,107,4,1,36,158
2017/9/5,56,¡º,39,85,3,0.7,37,85
2017/9/6,68,¡º,16,53,3,0.5,41,122
2017/9/7,146,«·∂»Œ€»æ,48,105,3,0.8,49,211
2017/9/8,189,÷–∂»Œ€»æ,118,152,4,1.3,43,254
2017/9/9,132,«·∂»Œ€»æ,101,119,7,1.8,33,181
2017/9/10,122,«·∂»Œ€»æ,86,107,2,1.2,41,82
2017/9/11,50,”≈,20,43,2,0.5,41,89
2017/9/12,68,¡º,23,65,2,0.6,48,122
2017/9/13,123,«·∂»Œ€»æ,74,125,5,1.2,59,186
2017/9/14,112,«·∂»Œ€»æ,85,118,4,1.1,52,160
2017/9/15,80,¡º,60,102,4,0.9,64,121
2017/9/16,122,«·∂»Œ€»æ,91,124,4,1.1,63,153
2017/9/17,43,”≈,11,47,3,0.4,36,87
2017/9/18,80,¡º,23,73,3,0.6,58,136
2017/9/19,57,¡º,13,48,3,0.5,47,83
2017/9/20,58,¡º,14,58,3,0.5,50,91
2017/9/21,97,¡º,59,124,8,1,79,139
2017/9/22,70,¡º,23,94,2,0.5,41,83
2017/9/23,120,«·∂»Œ€»æ,50,192,7,0.9,75,108
2017/9/24,102,«·∂»Œ€»æ,64,157,4,1.1,63,143
2017/9/25,100,¡º,76,127,8,1.5,47,136
2017/9/26,66,¡º,48,77,2,0.7,43,56
2017/9/27,61,¡º,28,61,4,1,49,30
2017/9/28,36,”≈,10,37,3,0.4,30,66
2017/9/29,90,¡º,45,103,5,0.8,73,68
2017/9/30,142,«·∂»Œ€»æ,113,154,4,1.2,69,112
2017/10/1,95,¡º,69,89,2,0.8,49,83
2017/10/2,44,”≈,13,43,3,0.6,35,36
2017/10/3,42,”≈,16,39,2,0.5,35,53
2017/10/4,55,¡º,30,62,4,0.6,40,70
2017/10/5,75,¡º,55,78,5,0.8,41,88
2017/10/6,90,¡º,67,88,5,0.8,50,91
2017/10/7,145,«·∂»Œ€»æ,114,128,3,1.2,75,14
2017/10/8,164,÷–∂»Œ€»æ,123,102,2,1.3,69,7
2017/10/9,41,”≈,29,24,3,0.7,30,35
2017/10/10,25,”≈,6,7,3,0.4,20,41
2017/10/11,35,”≈,11,20,3,0.5,29,43
2017/10/12,50,”≈,22,37,2,0.5,40,40
2017/10/13,61,¡º,38,54,2,0.8,50,53
2017/10/14,55,¡º,15,33,2,0.7,43,20
2017/10/15,67,¡º,50,53,3,1.1,42,47
2017/10/16,55,¡º,41,54,3,1,42,58
2017/10/17,92,¡º,70,77,3,1.2,50,48
2017/10/18,90,¡º,69,44,2,1.2,47,27
2017/10/19,75,¡º,56,40,2,1.2,39,59
2017/10/20,128,«·∂»Œ€»æ,98,79,2,1.5,48,59
2017/10/21,100,¡º,73,71,3,1.3,38,72
2017/10/22,56,¡º,39,48,5,1,45,20
2017/10/23,50,”≈,36,43,2,0.7,39,52
2017/10/24,92,¡º,70,72,3,1,47,65
2017/10/25,140,«·∂»Œ€»æ,110,92,3,1.3,56,36
2017/10/26,202,÷ÿ∂»Œ€»æ,153,123,3,1.6,69,25
2017/10/27,221,÷ÿ∂»Œ€»æ,170,123,3,1.6,68,46
2017/10/28,62,¡º,43,55,2,0.7,27,55
2017/10/29,33,”≈,8,23,3,0.4,28,57
2017/10/30,58,¡º,19,44,3,0.6,47,46
2017/10/31,91,¡º,62,105,5,1,73,9
2017/11/1,98,¡º,65,100,3,1.1,79,31
2017/11/2,71,¡º,52,87,6,1,57,56
2017/11/3,37,”≈,8,28,2,0.4,31,62
2017/11/4,67,¡º,38,64,5,0.8,55,47
2017/11/5,130,«·∂»Œ€»æ,101,120,6,1.3,71,37
2017/11/6,201,÷ÿ∂»Œ€»æ,152,144,5,1.5,71,56
2017/11/7,111,«·∂»Œ€»æ,81,99,3,1,44,66
2017/11/8,63,¡º,20,45,6,0.8,52,30
2017/11/9,78,¡º,53,94,6,1.4,65,22
2017/11/10,39,”≈,7,37,2,0.3,15,58
2017/11/11,46,”≈,18,38,4,0.5,37,36
2017/11/12,78,¡º,56,93,6,1,64,15
2017/11/13,60,¡º,26,71,3,0.6,31,61
2017/11/14,32,”≈,11,32,3,0.5,27,62
2017/11/15,46,”≈,16,38,3,0.5,38,60
2017/11/16,90,¡º,58,87,10,1.4,73,19
2017/11/17,55,¡º,22,58,4,0.7,31,64
2017/11/18,54,¡º,40,62,7,0.6,36,60
2017/11/19,117,«·∂»Œ€»æ,89,118,9,1.4,73,17
2017/11/20,135,«·∂»Œ€»æ,105,129,10,1.9,86,29
2017/11/21,158,÷–∂»Œ€»æ,119,158,12,2,86,37
2017/11/22,33,”≈,7,31,3,0.4,18,62
2017/11/23,30,”≈,7,29,3,0.4,21,52
2017/11/24,47,”≈,22,50,7,0.6,35,52
2017/11/25,76,¡º,39,74,7,1,59,25
2017/11/26,30,”≈,12,30,3,0.4,26,61
2017/11/27,93,¡º,70,96,10,1.4,72,13
2017/11/28,64,¡º,37,76,4,0.9,38,64
2017/11/29,43,”≈,14,36,4,0.5,36,43
2017/11/30,55,¡º,26,52,7,0.8,44,17
2017/12/1,87,¡º,73,106,11,1.2,71,0
2017/12/2,162,÷–∂»Œ€»æ,152,220,17,2,108,0
2017/12/3,254,÷ÿ∂»Œ€»æ,48,77,6,3,39,0
2017/12/4,28,”≈,6,22,2,0.5,18,0
2017/12/5,77,¡º,25,51,6,1,49,0
2017/12/6,82,¡º,23,52,7,1,42,0
2017/12/7,29,”≈,9,28,5,0.3,21,0
2017/12/8,28,”≈,23,48,6,0.5,49,0
2017/12/9,77,¡º,34,63,8,1.4,64,0
2017/12/10,30,”≈,7,46,3,0.3,15,0
2017/12/11,39,”≈,6,21,3,0.5,17,0
2017/12/12,23,”≈,14,27,5,0.3,33,0
2017/12/13,65,¡º,32,50,8,1,54,22
2017/12/14,97,¡º,74,87,19,1.9,71,13
2017/12/15,51,¡º,33,55,7,0.9,34,57
2017/12/16,41,”≈,8,39,3,0.3,13,64
2017/12/17,68,¡º,28,52,7,0.9,54,56
2017/12/18,47,”≈,12,47,4,0.5,21,63
2017/12/19,65,¡º,37,72,9,0.9,52,33
2017/12/20,53,¡º,20,43,5,0.6,42,64
2017/12/21,98,¡º,53,77,13,1.4,78,20
2017/12/22,72,¡º,36,61,9,1.2,57,62
2017/12/23,79,¡º,32,57,11,1,63,19
2017/12/24,49,”≈,13,49,4,0.5,16,73
2017/12/25,62,¡º,31,50,10,0.7,49,43
2017/12/26,59,¡º,25,44,7,0.7,48,47
2017/12/27,99,¡º,76,89,11,1.5,71,15
2017/12/28,143,«·∂»Œ€»æ,109,110,13,1.9,70,19
2017/12/29,225,÷ÿ∂»Œ€»æ,175,168,6,2.9,86,11
2017/12/30,145,«·∂»Œ€»æ,111,118,5,2,62,52
2017/12/31,64,¡º,32,67,6,1,51,35
2018/1/1,60,¡º,33,61,10,1.1,48,41
2018/1/2,49,”≈,27,49,7,0.9,35,50
2018/1/3,29,”≈,11,28,5,0.4,23,55
2018/1/4,44,”≈,15,29,5,0.5,35,42
2018/1/5,69,¡º,32,53,9,1,55,39
2018/1/6,52,¡º,16,29,6,0.6,41,53
2018/1/7,59,¡º,38,57,11,0.9,47,55
2018/1/8,55,¡º,12,60,4,0.3,12,66
2018/1/9,35,”≈,7,34,3,0.3,14,69
2018/1/10,35,”≈,6,20,3,0.3,10,69
2018/1/11,34,”≈,12,23,5,0.5,27,60
2018/1/12,94,¡º,59,79,12,1.4,75,23
2018/1/13,137,«·∂»Œ€»æ,104,120,16,1.8,86,18
2018/1/14,175,÷–∂»Œ€»æ,132,137,14,1.8,77,45
2018/1/15,64,¡º,32,57,9,1,51,46
2018/1/16,114,«·∂»Œ€»æ,45,178,6,0.8,46,60
2018/1/17,77,¡º,41,103,9,1.1,53,67
2018/1/18,101,«·∂»Œ€»æ,62,104,12,1.3,81,21
2018/1/19,107,«·∂»Œ€»æ,80,121,15,1.6,80,40
2018/1/20,65,¡º,31,75,9,0.9,52,35
2018/1/21,63,¡º,36,76,21,1.3,48,32
2018/1/22,46,”≈,22,46,5,0.7,28,71
2018/1/23,33,”≈,11,30,4,0.5,17,66
2018/1/24,39,”≈,17,31,6,0.5,31,71
2018/1/25,37,”≈,9,22,4,0.4,29,68
2018/1/26,58,¡º,27,39,8,0.7,46,45
2018/1/27,108,«·∂»Œ€»æ,81,92,15,1.5,74,16
2018/1/28,58,¡º,11,65,3,0.4,16,72
2018/1/29,55,¡º,8,60,4,0.4,21,73
2018/1/30,37,”≈,11,36,6,0.4,26,74
2018/1/31,62,¡º,22,73,7,0.5,32,71
2018/2/1,67,¡º,30,84,11,0.8,39,70
2018/2/2,37,”≈,8,29,5,0.4,12,74
2018/2/3,35,”≈,8,20,5,0.4,22,70
2018/2/4,44,”≈,19,35,9,0.6,35,60
2018/2/5,37,”≈,7,18,3,0.3,16,73
2018/2/6,70,¡º,46,60,14,0.9,56,47
2018/2/7,51,¡º,32,51,9,0.7,34,83
2018/2/8,73,¡º,52,75,12,1,58,53
2018/2/9,79,¡º,40,108,9,0.8,35,81
2018/2/10,43,”≈,10,43,3,0.4,13,81
2018/2/11,66,¡º,9,82,2,0.3,7,80
2018/2/12,53,¡º,12,55,4,0.4,16,80
2018/2/13,80,¡º,59,80,14,1.2,62,55
2018/2/14,41,”≈,13,33,4,0.4,19,81
2018/2/15,73,¡º,53,66,11,0.6,24,87
2018/2/16,105,«·∂»Œ€»æ,79,100,15,0.6,26,93
2018/2/17,108,«·∂»Œ€»æ,81,91,11,1.4,38,53
2018/2/18,152,÷–∂»Œ€»æ,116,109,16,1.9,50,88
2018/2/19,188,÷–∂»Œ€»æ,141,131,26,2.2,46,76
2018/2/20,63,¡º,45,42,7,0.7,23,93
2018/2/21,48,”≈,33,43,7,0.6,28,88
2018/2/22,46,”≈,18,46,6,0.5,31,84
2018/2/23,53,¡º,23,55,6,0.6,32,86
2018/2/24,62,¡º,29,73,11,0.7,23,71
2018/2/25,82,¡º,60,71,11,0.9,47,72
2018/2/26,163,÷–∂»Œ€»æ,124,122,22,1.7,75,94
2018/2/27,219,÷ÿ∂»Œ€»æ,169,171,13,2,56,72
2018/2/28,117,«·∂»Œ€»æ,88,118,10,1.1,37,80
2018/3/1,50,”≈,17,50,4,0.4,18,87
2018/3/2,105,«·∂»Œ€»æ,79,105,19,1.1,56,71
2018/3/3,221,÷ÿ∂»Œ€»æ,171,196,19,2,79,57
2018/3/4,126,«·∂»Œ€»æ,58,202,7,0.9,38,51
2018/3/5,90,¡º,48,129,9,0.9,45,71
2018/3/6,63,¡º,45,64,11,0.9,41,69
2018/3/7,64,¡º,46,63,9,0.8,51,48
2018/3/8,61,¡º,43,72,6,0.7,37,76
2018/3/9,137,«·∂»Œ€»æ,104,107,13,1.3,72,79
2018/3/10,156,÷–∂»Œ€»æ,119,128,16,1.5,63,110
2018/3/11,85,¡º,63,69,18,1.4,50,65
2018/3/12,195,÷–∂»Œ€»æ,146,141,11,1.7,75,91
2018/3/13,294,÷ÿ∂»Œ€»æ,244,198,11,2.1,100,151
2018/3/14,287,÷ÿ∂»Œ€»æ,237,185,17,2.6,79,86
2018/3/15,62,¡º,20,74,3,0.4,18,95
2018/3/16,55,¡º,33,60,8,0.6,31,95
2018/3/17,83,¡º,61,60,5,0.9,62,29
2018/3/18,138,«·∂»Œ€»æ,105,73,3,1,56,88
2018/3/19,94,¡º,70,60,4,0.8,47,97
2018/3/20,44,”≈,23,39,4,0.5,35,87
2018/3/21,80,¡º,59,83,9,0.9,56,75
2018/3/22,115,«·∂»Œ€»æ,87,104,8,1,66,96
2018/3/23,144,«·∂»Œ€»æ,110,132,12,1.4,90,64
2018/3/24,120,«·∂»Œ€»æ,91,102,10,1.2,63,118
2018/3/25,78,¡º,57,95,7,0.7,59,128
2018/3/26,162,÷–∂»Œ€»æ,123,142,13,1.1,76,141
2018/3/27,247,÷ÿ∂»Œ€»æ,197,196,12,1.4,103,119
2018/3/28,179,÷–∂»Œ€»æ,118,184,6,0.9,52,75
2018/3/29,112,«·∂»Œ€»æ,39,173,13,0.8,46,88
2018/3/30,69,¡º,41,85,8,0.6,55,104
2018/3/31,137,«·∂»Œ€»æ,104,155,13,1.1,85,120
2018/4/1,226,÷ÿ∂»Œ€»æ,176,213,15,1.5,81,202
2018/4/2,273,÷ÿ∂»Œ€»æ,223,243,10,1.8,69,155
2018/4/3,71,¡º,12,91,2,0.3,17,87
2018/4/4,43,”≈,22,20,2,0.4,34,64
2018/4/5,74,¡º,51,97,2,0.6,28,46
2018/4/6,60,¡º,14,70,2,0.3,9,91
2018/4/7,49,”≈,18,49,5,0.3,24,98
2018/4/8,69,¡º,40,87,6,0.6,49,90
2018/4/9,115,«·∂»Œ€»æ,87,126,22,1.4,64,115
2018/4/10,84,¡º,51,118,8,0.8,40,90
2018/4/11,56,¡º,19,62,5,0.3,38,106
2018/4/12,80,¡º,31,109,9,0.6,40,103
2018/4/13,69,¡º,39,59,9,1.2,55,51
2018/4/14,118,«·∂»Œ€»æ,28,185,2,0.3,13,101
2018/4/15,66,¡º,24,81,4,0.4,31,111
2018/4/16,106,«·∂»Œ€»æ,72,162,10,0.7,50,157
2018/4/17,133,«·∂»Œ€»æ,96,216,10,0.9,43,158
2018/4/18,144,«·∂»Œ€»æ,110,214,8,0.9,49,174
2018/4/19,160,÷–∂»Œ€»æ,122,194,10,1,51,204
2018/4/20,165,÷–∂»Œ€»æ,125,158,12,1.4,44,223
2018/4/21,92,¡º,68,72,3,1,34,78
2018/4/22,39,”≈,10,19,2,0.4,21,77
2018/4/23,55,¡º,17,31,2,0.4,29,106
2018/4/24,64,¡º,19,35,2,0.4,38,116
2018/4/25,87,¡º,33,65,4,0.5,46,144
2018/4/26,122,«·∂»Œ€»æ,92,111,6,0.8,54,167
2018/4/27,113,«·∂»Œ€»æ,41,175,5,0.6,39,141
2018/4/28,150,«·∂»Œ€»æ,96,174,7,0.8,56,214
2018/4/29,195,÷–∂»Œ€»æ,146,171,9,1,61,169
2018/4/30,69,¡º,29,68,5,0.7,25,122
2018/5/1,117,«·∂»Œ€»æ,40,184,2,0.5,33,84
2018/5/2,51,¡º,17,41,2,0.3,23,101
2018/5/3,58,¡º,15,54,3,0.3,29,109
2018/5/4,112,«·∂»Œ€»æ,61,114,8,0.6,57,173
2018/5/5,116,«·∂»Œ€»æ,60,151,4,0.5,50,86
2018/5/6,120,«·∂»Œ€»æ,59,189,4,0.5,43,149
2018/5/7,104,«·∂»Œ€»æ,55,136,8,0.7,46,164
2018/5/8,91,¡º,30,80,5,0.5,39,149
2018/5/9,120,«·∂»Œ€»æ,47,99,8,0.6,50,182
2018/5/10,146,«·∂»Œ€»æ,92,143,12,1,63,210
2018/5/11,108,«·∂»Œ€»æ,81,109,6,0.8,52,110
2018/5/12,185,÷–∂»Œ€»æ,139,121,4,1.5,44,163
2018/5/13,119,«·∂»Œ€»æ,49,84,3,0.6,40,180
2018/5/14,178,÷–∂»Œ€»æ,118,146,7,1.2,44,243
2018/5/15,90,¡º,67,103,5,1.1,44,136
2018/5/16,152,÷–∂»Œ€»æ,116,93,5,1.9,37,180
2018/5/17,59,¡º,42,59,3,1,30,79
2018/5/18,94,¡º,23,48,4,0.6,31,152
2018/5/19,110,«·∂»Œ€»æ,38,68,5,0.7,43,170
2018/5/20,61,¡º,39,45,3,0.8,30,113
2018/5/21,83,¡º,61,41,2,1,37,54
2018/5/22,102,«·∂»Œ€»æ,45,153,2,0.4,25,98
2018/5/23,139,«·∂»Œ€»æ,56,228,5,0.5,42,150
2018/5/24,151,÷–∂»Œ€»æ,52,133,7,0.7,52,216
2018/5/25,162,÷–∂»Œ€»æ,61,131,7,0.8,40,227
2018/5/26,125,«·∂»Œ€»æ,52,129,4,0.8,36,139
2018/5/27,89,¡º,44,128,3,0.4,34,140
2018/5/28,76,¡º,29,91,2,0.2,25,95
2018/5/29,63,¡º,14,55,2,0.3,34,115
2018/5/30,95,¡º,13,38,3,0.3,35,154
2018/5/31,154,÷–∂»Œ€»æ,29,71,6,0.6,46,219
2018/6/1,129,«·∂»Œ€»æ,28,68,3,0.5,48,191
2018/6/2,200,÷–∂»Œ€»æ,50,108,9,0.7,51,265
2018/6/3,87,¡º,54,123,4,0.7,40,125
2018/6/4,104,«·∂»Œ€»æ,30,91,3,0.5,40,164
2018/6/5,164,÷–∂»Œ€»æ,40,120,7,0.5,43,229
2018/6/6,172,÷–∂»Œ€»æ,50,146,9,0.7,45,237
2018/6/7,95,¡º,21,56,3,0.5,24,153
2018/6/8,90,¡º,15,46,2,0.5,33,148
2018/6/9,55,¡º,22,40,2,0.5,28,106
2018/6/10,106,«·∂»Œ€»æ,34,34,2,0.7,23,166
2018/6/11,100,¡º,64,65,2,0.9,31,159
2018/6/12,135,«·∂»Œ€»æ,85,83,3,1,42,198
2018/6/13,64,¡º,46,46,3,1,33,101
2018/6/14,125,«·∂»Œ€»æ,26,41,3,0.7,36,187
2018/6/15,136,«·∂»Œ€»æ,79,69,5,1.2,29,199
2018/6/16,141,«·∂»Œ€»æ,81,83,3,1,28,205
2018/6/17,98,¡º,45,48,2,0.9,28,157
2018/6/18,148,«·∂»Œ€»æ,81,79,3,1,34,212
2018/6/19,118,«·∂»Œ€»æ,53,72,4,1,28,179
2018/6/20,97,¡º,39,50,3,0.7,33,156
2018/6/21,157,÷–∂»Œ€»æ,27,63,6,0.9,36,222
2018/6/22,100,¡º,61,91,7,1.2,50,160
2018/6/23,203,÷ÿ∂»Œ€»æ,57,86,4,0.9,32,277
2018/6/24,185,÷–∂»Œ€»æ,54,94,4,0.7,31,250
2018/6/25,126,«·∂»Œ€»æ,82,116,5,1.2,41,188
2018/6/26,163,÷–∂»Œ€»æ,124,107,4,1.7,35,219
2018/6/27,48,”≈,27,49,3,0.5,35,95
2018/6/28,66,¡º,9,25,3,0.3,25,119
2018/6/29,103,«·∂»Œ€»æ,18,56,2,0.5,44,163
2018/6/30,186,÷–∂»Œ€»æ,33,75,5,1,34,251
2018/7/1,120,«·∂»Œ€»æ,49,54,4,1,26,181
2018/7/2,110,«·∂»Œ€»æ,44,54,3,0.9,24,170
2018/7/3,122,«·∂»Œ€»æ,55,52,3,0.9,24,184
2018/7/4,172,÷–∂»Œ€»æ,59,78,3,0.9,31,237
2018/7/5,173,÷–∂»Œ€»æ,70,104,3,1.2,36,238
2018/7/6,169,÷–∂»Œ€»æ,36,56,3,1,25,234
2018/7/7,70,¡º,51,49,3,0.9,27,50
2018/7/8,111,«·∂»Œ€»æ,54,41,3,0.9,23,172
2018/7/9,102,«·∂»Œ€»æ,76,68,3,1,29,82
2018/7/10,50,”≈,33,34,3,0.7,22,100
2018/7/11,47,”≈,30,27,3,0.6,35,64
2018/7/12,48,”≈,33,26,3,0.9,31,78
2018/7/13,60,¡º,43,46,3,0.9,38,107
2018/7/14,110,«·∂»Œ€»æ,51,44,3,0.7,23,171
2018/7/15,117,«·∂»Œ€»æ,59,58,3,1,29,178
2018/7/16,38,”≈,26,34,3,0.7,26,68
2018/7/17,34,”≈,19,14,3,0.7,27,63
2018/7/18,109,«·∂»Œ€»æ,83,66,3,1.4,27,116
2018/7/19,92,¡º,69,57,3,1,32,122
2018/7/20,108,«·∂»Œ€»æ,81,74,3,1,22,168
2018/7/21,130,«·∂»Œ€»æ,69,77,4,0.9,21,193
2018/7/22,62,¡º,44,46,3,0.9,27,105
2018/7/23,100,¡º,52,59,3,1,24,159
2018/7/24,31,”≈,16,20,3,0.6,19,62
2018/7/25,55,¡º,10,17,3,0.5,17,105
2018/7/26,95,¡º,12,31,3,0.5,25,154
2018/7/27,93,¡º,48,56,3,1.2,23,151
2018/7/28,129,«·∂»Œ€»æ,55,61,3,1.2,21,191
2018/7/29,145,«·∂»Œ€»æ,73,88,3,1.2,26,209
2018/7/30,141,«·∂»Œ€»æ,72,84,3,1.2,28,205
2018/7/31,163,÷–∂»Œ€»æ,63,83,3,1.2,30,228
2018/8/1,167,÷–∂»Œ€»æ,59,88,3,1.2,28,232
2018/8/2,151,÷–∂»Œ€»æ,84,101,3,1.5,25,216
2018/8/3,133,«·∂»Œ€»æ,53,79,2,1,27,196
2018/8/4,172,÷–∂»Œ€»æ,63,97,3,1.2,29,237
2018/8/5,83,¡º,34,54,3,0.9,21,139
2018/8/6,53,¡º,36,49,5,1.4,30,66
2018/8/7,88,¡º,61,61,3,1.2,26,145
2018/8/8,42,”≈,23,24,3,1,21,83
2018/8/9,111,«·∂»Œ€»æ,29,34,2,1,28,172
2018/8/10,151,÷–∂»Œ€»æ,35,47,2,0.9,29,216
2018/8/11,87,¡º,46,48,3,1.2,24,144
2018/8/12,75,¡º,55,44,2,1.2,23,104
2018/8/13,85,¡º,45,41,2,1,22,142
2018/8/14,39,”≈,26,32,2,0.9,21,71
2018/8/15,49,”≈,14,28,2,0.5,26,97
2018/8/16,93,¡º,13,30,2,0.5,24,151
2018/8/17,152,÷–∂»Œ€»æ,32,64,3,0.6,39,217
2018/8/18,49,”≈,14,22,3,0.5,24,98
2018/8/19,41,”≈,20,35,3,0.7,30,82
2018/8/20,87,¡º,24,36,2,0.7,24,144
2018/8/21,60,¡º,12,31,2,0.5,27,111
2018/8/22,59,¡º,19,52,2,0.6,47,66
2018/8/23,77,¡º,17,40,2,0.6,34,132
2018/8/24,63,¡º,12,34,2,0.5,31,115
2018/8/25,136,«·∂»Œ€»æ,30,67,3,0.7,32,199
2018/8/26,140,«·∂»Œ€»æ,59,92,3,1,31,204
2018/8/27,139,«·∂»Œ€»æ,63,89,5,1,32,202
2018/8/28,103,«·∂»Œ€»æ,59,74,4,1,35,163
2018/8/29,61,¡º,9,23,2,0.5,24,113
2018/8/30,43,”≈,16,37,3,0.6,33,85
2018/8/31,97,¡º,14,31,3,0.6,29,156
2018/9/1,87,¡º,44,50,3,1,30,144
2018/9/2,61,¡º,41,34,2,0.7,19,113
2018/9/3,39,”≈,29,28,2,0.5,19,78
2018/9/4,43,”≈,7,19,2,0.5,24,86
2018/9/5,62,¡º,11,33,3,0.5,31,114
2018/9/6,35,”≈,8,35,2,0.3,19,67
2018/9/7,34,”≈,5,18,2,0.3,17,68
2018/9/8,42,”≈,8,23,2,0.5,27,84
2018/9/9,75,¡º,24,56,4,0.5,41,129
2018/9/10,75,¡º,43,74,6,1,52,129
2018/9/11,80,¡º,43,68,5,0.9,41,136
2018/9/12,104,«·∂»Œ€»æ,47,58,4,0.9,37,164
2018/9/13,110,«·∂»Œ€»æ,80,97,4,1,49,170
2018/9/14,130,«·∂»Œ€»æ,100,109,5,1.2,50,156
2018/9/15,32,”≈,14,23,2,0.5,20,63
2018/9/16,42,”≈,8,26,3,0.3,30,83
2018/9/17,52,¡º,12,40,3,0.5,41,71
2018/9/18,60,¡º,20,55,3,0.5,50,58
2018/9/19,77,¡º,28,63,3,0.9,59,42
2018/9/20,65,¡º,45,70,3,0.7,50,118
2018/9/21,44,”≈,15,45,2,0.3,29,61
2018/9/22,26,”≈,6,25,2,0.3,18,51
2018/9/23,30,”≈,5,25,2,0.3,22,59
2018/9/24,37,”≈,8,25,3,0.3,28,73
2018/9/25,48,”≈,22,48,4,0.6,36,90
2018/9/26,53,¡º,34,57,3,0.6,40,91
2018/9/27,88,¡º,66,80,5,1,59,67
2018/9/28,73,¡º,55,42,3,0.9,35,83
2018/9/29,32,”≈,6,13,3,0.3,24,63
2018/9/30,30,”≈,5,18,3,0.3,21,59
2018/10/1,40,”≈,8,21,3,0.3,19,79
2018/10/2,44,”≈,11,30,3,0.5,35,81
2018/10/3,52,¡º,13,35,4,0.5,41,82
2018/10/4,74,¡º,43,71,8,1,54,128
2018/10/5,107,«·∂»Œ€»æ,80,99,8,1.4,54,125
2018/10/6,33,”≈,8,21,3,0.3,18,66
2018/10/7,50,”≈,11,37,3,0.5,40,68
2018/10/8,42,”≈,9,35,2,0.5,33,73
2018/10/9,25,”≈,4,14,3,0.3,15,50
2018/10/10,32,”≈,6,22,3,0.3,25,52
2018/10/11,45,”≈,10,32,3,0.3,36,59
2018/10/12,74,¡º,37,74,4,0.6,59,71
2018/10/13,109,«·∂»Œ€»æ,82,106,7,1,75,90
2018/10/14,190,÷–∂»Œ€»æ,142,157,6,1.2,77,114
2018/10/15,202,÷ÿ∂»Œ€»æ,152,181,5,1.4,68,55
2018/10/16,83,¡º,61,64,3,1,36,74
2018/10/17,53,¡º,31,45,3,0.6,42,63
2018/10/18,67,¡º,30,50,3,0.6,53,63
2018/10/19,73,¡º,43,59,4,0.7,58,78
2018/10/20,88,¡º,65,79,5,0.9,70,81
2018/10/21,150,«·∂»Œ€»æ,115,128,7,1.4,83,57
2018/10/22,158,÷–∂»Œ€»æ,120,90,5,1.2,58,72
2018/10/23,45,”≈,15,45,3,0.5,35,58
2018/10/24,82,¡º,42,90,4,0.9,65,37
2018/10/25,112,«·∂»Œ€»æ,84,122,10,1.5,75,29
2018/10/26,44,”≈,5,44,2,0.3,11,56
2018/10/27,33,”≈,10,32,4,0.3,26,57
2018/10/28,36,”≈,4,29,2,0.3,11,72
2018/10/29,31,”≈,5,20,3,0.3,21,62
2018/10/30,49,”≈,11,33,3,0.5,39,65
2018/10/31,62,¡º,23,52,5,0.9,49,45
2018/11/1,83,¡º,56,81,7,1,66,60
2018/11/2,152,÷–∂»Œ€»æ,116,126,8,1.5,96,31
2018/11/3,211,÷ÿ∂»Œ€»æ,161,164,8,1.7,89,81
2018/11/4,102,«·∂»Œ€»æ,76,90,3,0.9,48,23
2018/11/5,47,”≈,20,33,2,0.5,37,30
2018/11/6,50,”≈,14,32,3,0.5,40,40
2018/11/7,65,¡º,28,55,4,0.7,52,16
2018/11/8,93,¡º,69,100,7,1.2,73,15
2018/11/9,54,¡º,31,58,3,0.6,41,61
2018/11/10,50,”≈,13,38,3,0.5,40,37
2018/11/11,72,¡º,46,80,5,0.7,57,49
2018/11/12,132,«·∂»Œ€»æ,100,116,7,1.2,75,33
2018/11/13,230,÷ÿ∂»Œ€»æ,180,152,6,1.7,79,33
2018/11/14,270,÷ÿ∂»Œ€»æ,220,185,5,2.3,75,37
2018/11/15,80,¡º,59,22,3,0.9,32,52
2018/11/16,39,”≈,14,33,4,0.5,31,52
2018/11/17,75,¡º,44,76,7,0.9,60,24
2018/11/18,64,¡º,30,77,6,0.7,42,63
2018/11/19,83,¡º,47,92,10,1.2,66,17
2018/11/20,69,¡º,39,87,8,0.9,53,50
2018/11/21,51,¡º,21,51,4,0.5,34,55
2018/11/22,64,¡º,28,64,7,0.7,51,37
2018/11/23,92,¡º,68,102,14,1.4,63,12
2018/11/24,122,«·∂»Œ€»æ,92,112,10,1.2,63,46
2018/11/25,119,«·∂»Œ€»æ,90,112,8,1.4,73,24
2018/11/26,267,÷ÿ∂»Œ€»æ,217,213,12,2.4,105,15
2018/11/27,161,÷–∂»Œ€»æ,48,271,3,0.5,31,61
2018/11/28,115,«·∂»Œ€»æ,56,180,15,1.4,67,14
2018/11/29,101,«·∂»Œ€»æ,57,152,14,1.7,65,17
2018/11/30,122,«·∂»Œ€»æ,92,184,12,1.9,83,16
2018/12/1,180,÷–∂»Œ€»æ,136,207,12,1.9,81,31
2018/12/2,233,÷ÿ∂»Œ€»æ,183,239,7,2.7,85,5
2018/12/3,152,÷–∂»Œ€»æ,61,253,3,0.5,21,57
2018/12/4,61,¡º,16,71,3,0.5,25,58
2018/12/5,76,¡º,38,102,10,1.2,59,8
2018/12/6,37,”≈,8,37,3,0.3,15,57
2018/12/7,38,”≈,6,38,3,0.3,12,56
2018/12/8,36,”≈,11,36,4,0.3,22,60
2018/12/9,73,¡º,41,72,9,1,58,26
2018/12/10,83,¡º,58,89,13,1.2,66,18
2018/12/11,52,¡º,21,54,6,0.5,32,55
2018/12/12,73,¡º,31,65,8,0.9,58,45
2018/12/13,45,”≈,13,39,5,0.5,36,63
2018/12/14,82,¡º,47,74,11,1,65,22
2018/12/15,119,«·∂»Œ€»æ,90,116,14,1.5,84,12
2018/12/16,87,¡º,64,106,8,1.2,59,54
2018/12/17,55,¡º,26,57,6,0.6,44,51
2018/12/18,65,¡º,27,58,6,0.9,52,53
2018/12/19,78,¡º,33,70,8,1,62,23
2018/12/20,94,¡º,53,93,11,1.2,75,10
2018/12/21,92,¡º,68,118,12,1.4,67,43
2018/12/22,66,¡º,33,81,7,0.9,41,53
2018/12/23,52,¡º,13,53,3,0.5,22,58
2018/12/24,78,¡º,51,91,11,1,62,19
2018/12/25,58,¡º,27,65,7,0.7,35,55
2018/12/26,33,”≈,9,26,5,0.5,26,50
2018/12/27,52,¡º,7,53,4,0.3,10,54
2018/12/28,40,”≈,9,40,5,0.5,19,50
2018/12/29,33,”≈,10,28,5,0.5,26,52
2018/12/30,47,”≈,15,32,5,0.5,37,44
2018/12/31,70,¡º,38,58,10,1,56,20
